sample_id,actual_price,predicted_price,residual,absolute_percentage_error,prediction_ratio,price_segment
1662,4.7,12.059924354551136,-7.3599243545511355,1.5659413516989773,2.5659413514862113,Low
2316,2.7,5.477613818002334,-2.777613818002334,1.028745858138366,2.0287458577679955,Low
3552,1.55,5.0442427768352704,-3.4942427768352706,2.254350177148981,3.254350176503819,Low
932,2.0,4.2337813841639615,-2.2337813841639615,1.1168906915235355,2.1168906910235354,Low
5857,4.845,11.80872251127062,-6.96372251127062,1.4373008276229762,2.437300827416578,Low
5372,2.899,5.933567667109843,-3.034567667109843,1.046763596434315,2.0467635960893684,Low
3379,5.0,11.051740375280009,-6.0517403752800085,1.2103480748139321,2.210348074613932,Low
4352,1.0,4.726486262952285,-3.7264862629522852,3.7264862592257986,4.7264862582257985,Low
1672,1.3,4.805065676591314,-3.5050656765913137,2.696204364534699,3.6962043637654682,Low
4490,2.0,0.855982776511663,1.144017223488337,0.5720086114581642,0.4279913880418358,Low
95,7.5,3.7242166538215535,3.7757833461784465,0.5034377794233345,0.49656222044333215,Mid
3692,2.8,6.589194835602783,-3.7891948356027836,1.3532838693748215,2.3532838690176785,Low
5242,5.5,11.584093778559415,-6.084093778559415,1.1061988686278574,2.1061988684460395,Low
3217,1.79,5.8477169186872775,-4.0577169186872775,2.266880958894076,3.266880958335417,Low
19,10.0,4.930360093663536,5.069639906336464,0.50696399058295,0.49303600931705,Mid
2486,4.686,9.939149413904758,-5.253149413904758,1.1210306045206417,2.12103060430724,Low
4100,1.5,3.0618992806392864,-1.5618992806392864,1.04126618639868,2.0412661857320136,Low
1024,4.49,2.1642415857850263,2.325758414214974,0.517986283674162,0.4820137161031208,Low
2997,3.2,9.766352457423626,-6.566352457423625,2.0519851423036375,3.0519851419911372,Low
4591,3.55,7.947160650219195,-4.397160650219195,1.2386368025297347,2.2386368022480445,Low
1042,3.5,0.1144153138705288,3.385584686129471,0.9673099100463317,0.03269008966795392,Low
5303,4.25,9.566784570056512,-5.316784570056512,1.2510081338365893,2.251008133601295,Low
576,26.7,13.300393844816384,13.399606155183616,0.5018579084150471,0.4981420915474997,Premium
4487,4.499999,9.2243156513235,-4.724316651323501,1.0498483778048957,2.0498483775826735,Low
3885,2.3,4.606452958564484,-2.306452958564484,1.002805633722469,2.0028056332876862,Low
6498,18.006229,38.74745391233019,-20.741224912330186,1.1518916543368571,2.1518916542813207,High
4694,11.0,4.52715090409016,6.47284909590984,0.5884408268474,0.411559173061691,High
3100,2.6,6.760934515036185,-4.160934515036185,1.6003594282445484,2.600359427859933,Low
2252,4.0,1.7719991054526485,2.2280008945473515,0.5570002234975878,0.44299977625241216,Low
3282,3.7,7.657380436924082,-3.9573804369240815,1.0695622799606808,2.0695622796904103,Low
1144,2.9,9.629750420783417,-6.729750420783416,2.320603592573384,3.320603592228556,Low
3172,1.0,5.516868725907518,-4.516868725907518,4.516868721390649,5.516868720390649,Low
3341,1.9,5.167491899732656,-3.2674918997326565,1.7197325779015389,2.7197325773752232,Low
4103,1.3,3.364540887866232,-2.064540887866232,1.588108374060095,2.588108373290864,Low
877,9.5,4.67354339471407,4.82645660528593,0.5080480636608297,0.49195193623390715,Mid
4394,2.5,6.391221791246954,-3.891221791246954,1.556488715876186,2.556488715476186,Low
3982,3.0,9.797310826615885,-6.797310826615885,2.2657702747833715,3.265770274450038,Low
4638,2.0,0.3744604554129171,1.6255395445870828,0.8127697718871565,0.18723022761284344,Low
4679,3.95,8.630303860012145,-4.6803038600121445,1.18488705286766,2.1848870526144957,Low
2864,15.3,6.506082687926746,8.793917312073255,0.5747658373528424,0.42523416258179814,High
1966,8.9,3.934000193115072,4.965999806884929,0.5579775063288709,0.4420224935587696,Mid
2266,2.1,0.8575117188669665,1.2424882811330336,0.5916610859720821,0.4083389135517274,Low
3153,12.0,5.25167229988028,6.74832770011972,0.56236064162978,0.4376393582868867,High
1009,5.3,2.634465743750834,2.665534256249166,0.502930991650233,0.49706900816108773,Low
764,1.8,6.166516349138036,-4.3665163491380365,2.425842414840108,3.425842414284552,Low
4030,1.7,4.373829790137956,-2.6738297901379555,1.572841052097126,2.572841051508891,Low
3518,1.2,3.954047311996078,-2.7540473119960778,2.295039424750865,3.295039423917532,Low
3878,4.2,9.088199716953069,-4.888199716953069,1.1638570751879074,2.1638570749498123,Low
4913,1.6,0.5693622612670808,1.0306377387329193,0.6441485863054817,0.35585141306951834,Low
3296,51.0,24.52164636577116,26.47835363422884,0.5191834045825423,0.48081659539784993,Premium
1701,4.5,9.21997074980642,-4.71997074980642,1.048882388612786,2.0488823883905636,Low
7130,10.89,24.35089319622672,-13.46089319622672,1.2360783466474419,2.2360783465556144,High
5008,38.0,4.52715090409016,33.47284909590984,0.8808644498691836,0.11913555010450065,Premium
323,5.89,2.6638949422679,3.2261050577320995,0.5477258161603351,0.4522741836698856,Mid
4160,7.4,2.684421877436895,4.715578122563105,0.6372402867467385,0.3627597131181264,Mid
88,6.99,14.090387498996709,-7.100387498996708,1.0157922028585,2.0157922027154385,Mid
734,1.7,7.936247357359379,-6.236247357359379,3.6683807962888224,4.668380795700587,Low
2882,3.85,9.222694537875851,-5.3726945378758515,1.3955050744104796,2.3955050741507393,Low
1295,7.0,14.784333518736252,-7.784333518736252,1.1120476453748864,2.112047645232029,Mid
3956,7.2,14.811316973576142,-7.611316973576142,1.0571273572943076,2.0571273571554185,Mid
100,1.4,4.2098050941510365,-2.8098050941510366,2.007003637245738,3.007003636531452,Low
1793,3.8,7.760277322557798,-3.960277322557798,1.0421782425041104,2.0421782422409525,Low
6072,8.39,33.071688306960326,-24.681688306960325,2.9417983675826607,3.9417983674634716,Mid
4333,4.49,9.10273606771107,-4.6127360677110705,1.0273354268783375,2.02733542665562,Low
838,1.2,3.627903939211407,-2.427903939211407,2.023253280990128,3.0232532801567946,Low
1039,8.5,18.030750208572886,-9.530750208572886,1.121264730288426,2.121264730170779,Mid
2770,29.999999,11.517846383067813,18.482152616932186,0.6160717744129297,0.383928225553737,Premium
5045,2.8,8.71418226202874,-5.914182262028739,2.11220794997019,3.112207949613047,Low
196,1.9,0.3322168242972676,1.5677831757027323,0.8251490394092543,0.17485096006442982,Low
6575,38.0,18.72673667263941,19.27326332736059,0.5071911401803526,0.4928088597933317,Premium
4825,1.65,3.48189373802396,-1.8318937380239602,1.1102386284325585,2.1102386278264977,Low
5213,4.1,8.314457672671278,-4.214457672671278,1.0279165052788688,2.027916505034966,Low
5091,1.7,4.382876041275431,-2.6828760412754304,1.5781623762925105,2.5781623757042755,Low
1870,33.0,13.5996604372963,19.4003395627037,0.5878890776398731,0.412110922329824,Premium
4664,12.0,5.484928368604972,6.515071631395028,0.5429226359043421,0.45707736401232457,High
6979,5.85,13.101616229153285,-7.251616229153285,1.2395925175920843,2.239592517421144,Mid
1421,1.9,5.835102770570423,-3.9351027705704227,2.0711067202627977,3.071106719736482,Low
3164,1.0,0.4852310155470345,0.5147689844529655,0.5147689839381965,0.48523101506180344,Low
527,4.5,9.088199716953069,-4.588199716953069,1.0195999368741042,2.0195999366518818,Low
